{"_type":"export","__export_format":4,"__export_date":"2022-04-11T09:12:08.533Z","__export_source":"insomnia.desktop.app:v2022.2.1","resources":[{"_id":"req_2d9ea45bc3a549b6be238dfaab829f25","parentId":"fld_77c001bbdc2f494fa4d33d344cdf6904","modified":1649668202758,"created":1649667345081,"url":"https://localhost:7015/api/usuarios/1","name":"Atualizar usuario","description":"","method":"PUT","body":{"mimeType":"application/json","text":"{\n\t\"email\": \"email@sp.br\",\n\t\"senha\": \"1234987\"\n}"},"parameters":[],"headers":[{"name":"Content-Type","value":"application/json","id":"pair_f9bc6aaaa5bf475fa5c09078cb0f4326"}],"authentication":{},"metaSortKey":-1649645295140,"isPrivate":false,"settingStoreCookies":true,"settingSendCookies":true,"settingDisableRenderRequestBody":false,"settingEncodeUrl":true,"settingRebuildPath":true,"settingFollowRedirects":"global","_type":"request"},{"_id":"fld_77c001bbdc2f494fa4d33d344cdf6904","parentId":"wrk_581647923951479d9ca4ef87d66a93e7","modified":1649666891066,"created":1649666891066,"name":"Usuarios","description":"","environment":{},"environmentPropertyOrder":null,"metaSortKey":-1649666891066,"_type":"request_group"},{"_id":"wrk_581647923951479d9ca4ef87d66a93e7","parentId":null,"modified":1649645231025,"created":1649645231025,"name":"ChapterBE2","description":"","scope":"collection","_type":"workspace"},{"_id":"req_63917977fbf14e9ba56c0b1cd2592c5b","parentId":"fld_77c001bbdc2f494fa4d33d344cdf6904","modified":1649668239112,"created":1649667023466,"url":"https://localhost:7015/api/usuarios/2","name":"Busca usuario por Id","description":"","method":"GET","body":{},"parameters":[],"headers":[],"authentication":{},"metaSortKey":-1649645295090,"isPrivate":false,"settingStoreCookies":true,"settingSendCookies":true,"settingDisableRenderRequestBody":false,"settingEncodeUrl":true,"settingRebuildPath":true,"settingFollowRedirects":"global","_type":"request"},{"_id":"req_98fecd98762b4780be180be2ae03b07e","parentId":"fld_77c001bbdc2f494fa4d33d344cdf6904","modified":1649668206869,"created":1649667039705,"url":"https://localhost:7015/api/usuarios","name":"Cadastrar usuario","description":"","method":"POST","body":{"mimeType":"application/json","text":"{\n\t\"email\": \"gmail@gmail.com.br\",\n\t\"senha\": \"1234569999\"\n}"},"parameters":[],"headers":[{"name":"Content-Type","value":"application/json","id":"pair_f9bc6aaaa5bf475fa5c09078cb0f4326"}],"authentication":{},"metaSortKey":-1649645295083.75,"isPrivate":false,"settingStoreCookies":true,"settingSendCookies":true,"settingDisableRenderRequestBody":false,"settingEncodeUrl":true,"settingRebuildPath":true,"settingFollowRedirects":"global","_type":"request"},{"_id":"req_6e24d54a9f4346b699ced9322776e57f","parentId":"fld_77c001bbdc2f494fa4d33d344cdf6904","modified":1649668228505,"created":1649667306062,"url":"https://localhost:7015/api/usuarios/2","name":"Deletar usuario","description":"","method":"DELETE","body":{},"parameters":[],"headers":[],"authentication":{},"metaSortKey":-1649645295077.5,"isPrivate":false,"settingStoreCookies":true,"settingSendCookies":true,"settingDisableRenderRequestBody":false,"settingEncodeUrl":true,"settingRebuildPath":true,"settingFollowRedirects":"global","_type":"request"},{"_id":"req_af97ae5d27664cc0bf1d52a7aa77350f","parentId":"fld_77c001bbdc2f494fa4d33d344cdf6904","modified":1649668065256,"created":1649666940928,"url":"https://localhost:7015/api/usuarios","name":"Listar Usuarios","description":"","method":"GET","body":{},"parameters":[],"headers":[],"authentication":{},"metaSortKey":-1649645295040,"isPrivate":false,"settingStoreCookies":true,"settingSendCookies":true,"settingDisableRenderRequestBody":false,"settingEncodeUrl":true,"settingRebuildPath":true,"settingFollowRedirects":"global","_type":"request"},{"_id":"env_c5f46c652964a17b4b7d4d2e4b145c038e5ecf4b","parentId":"wrk_581647923951479d9ca4ef87d66a93e7","modified":1649645231036,"created":1649645231036,"name":"Base Environment","data":{},"dataPropertyOrder":null,"color":null,"isPrivate":false,"metaSortKey":1649645231036,"_type":"environment"},{"_id":"jar_c5f46c652964a17b4b7d4d2e4b145c038e5ecf4b","parentId":"wrk_581647923951479d9ca4ef87d66a93e7","modified":1649645231039,"created":1649645231039,"name":"Default Jar","cookies":[],"_type":"cookie_jar"},{"_id":"spc_43374678731a435cab528a384dc1fac2","parentId":"wrk_581647923951479d9ca4ef87d66a93e7","modified":1649645231028,"created":1649645231028,"fileName":"ChapterBE2","contents":"","contentType":"yaml","_type":"api_spec"}]}