{"_type":"export","__export_format":4,"__export_date":"2022-04-11T06:02:17.357Z","__export_source":"insomnia.desktop.app:v2021.7.2","resources":[{"_id":"req_97d3e85fc8314a0c9a065e6e15f2ea48","parentId":"fld_18bab48a00374746a4c0b53f17cb5771","modified":1649645700697,"created":1649645295065,"url":"https://localhost:7015/api/livro","name":"Listar livros","description":"","method":"GET","body":{},"parameters":[],"headers":[],"authentication":{},"metaSortKey":-1649645295065,"isPrivate":false,"settingStoreCookies":true,"settingSendCookies":true,"settingDisableRenderRequestBody":false,"settingEncodeUrl":true,"settingRebuildPath":true,"settingFollowRedirects":"global","_type":"request"},{"_id":"fld_18bab48a00374746a4c0b53f17cb5771","parentId":"wrk_581647923951479d9ca4ef87d66a93e7","modified":1649645255819,"created":1649645255819,"name":"Livros","description":"","environment":{},"environmentPropertyOrder":null,"metaSortKey":-1649645255819,"_type":"request_group"},{"_id":"wrk_581647923951479d9ca4ef87d66a93e7","parentId":null,"modified":1649645231025,"created":1649645231025,"name":"ChapterBE2","description":"","scope":"collection","_type":"workspace"},{"_id":"req_00e427ccd9f94970b1d5ef0d4c2cab91","parentId":"fld_18bab48a00374746a4c0b53f17cb5771","modified":1649652655632,"created":1649652545627,"url":"https://localhost:7015/api/livro/7","name":"Busca livro por Id","description":"","method":"GET","body":{},"parameters":[],"headers":[],"authentication":{},"metaSortKey":-1649645295015,"isPrivate":false,"settingStoreCookies":true,"settingSendCookies":true,"settingDisableRenderRequestBody":false,"settingEncodeUrl":true,"settingRebuildPath":true,"settingFollowRedirects":"global","_type":"request"},{"_id":"req_35561cf129284f3c9ae0cd723a50e9ca","parentId":"fld_18bab48a00374746a4c0b53f17cb5771","modified":1649653513344,"created":1649653359284,"url":"https://localhost:7015/api/livro/5","name":"Deletar livro","description":"","method":"DELETE","body":{},"parameters":[],"headers":[],"authentication":{},"metaSortKey":-1649645294990,"isPrivate":false,"settingStoreCookies":true,"settingSendCookies":true,"settingDisableRenderRequestBody":false,"settingEncodeUrl":true,"settingRebuildPath":true,"settingFollowRedirects":"global","_type":"request"},{"_id":"req_7829d095075b469bbfbb09a89d0533c4","parentId":"fld_18bab48a00374746a4c0b53f17cb5771","modified":1649656861899,"created":1649649750143,"url":"https://localhost:7015/api/livro","name":"Cadastrar lIvro","description":"","method":"POST","body":{"mimeType":"application/json","text":"{\n\t\"titulo\": \"Titulo E\",\n\t\"quantidadePaginas\": 550,\n\t\"disponivel\": true\n}\n"},"parameters":[],"headers":[{"name":"Content-Type","value":"application/json","id":"pair_f9bc6aaaa5bf475fa5c09078cb0f4326"}],"authentication":{},"metaSortKey":-1649645294965,"isPrivate":false,"settingStoreCookies":true,"settingSendCookies":true,"settingDisableRenderRequestBody":false,"settingEncodeUrl":true,"settingRebuildPath":true,"settingFollowRedirects":"global","_type":"request"},{"_id":"req_7cc321738c134a56a61616f2377d9347","parentId":"fld_18bab48a00374746a4c0b53f17cb5771","modified":1649656860801,"created":1649651938136,"url":"https://localhost:7015/api/livro/7","name":"Atualizar livro","description":"","method":"PUT","body":{"mimeType":"application/json","text":"{\n\t\"titulo\": \"Titulo D\",\n\t\"quantidadePaginas\": 320,\n\t\"disponivel\": true\n}\n"},"parameters":[],"headers":[{"name":"Content-Type","value":"application/json","id":"pair_f9bc6aaaa5bf475fa5c09078cb0f4326"}],"authentication":{},"metaSortKey":-1649645294915,"isPrivate":false,"settingStoreCookies":true,"settingSendCookies":true,"settingDisableRenderRequestBody":false,"settingEncodeUrl":true,"settingRebuildPath":true,"settingFollowRedirects":"global","_type":"request"},{"_id":"env_c5f46c652964a17b4b7d4d2e4b145c038e5ecf4b","parentId":"wrk_581647923951479d9ca4ef87d66a93e7","modified":1649645231036,"created":1649645231036,"name":"Base Environment","data":{},"dataPropertyOrder":null,"color":null,"isPrivate":false,"metaSortKey":1649645231036,"_type":"environment"},{"_id":"jar_c5f46c652964a17b4b7d4d2e4b145c038e5ecf4b","parentId":"wrk_581647923951479d9ca4ef87d66a93e7","modified":1649645231039,"created":1649645231039,"name":"Default Jar","cookies":[],"_type":"cookie_jar"},{"_id":"spc_43374678731a435cab528a384dc1fac2","parentId":"wrk_581647923951479d9ca4ef87d66a93e7","modified":1649645231028,"created":1649645231028,"fileName":"ChapterBE2","contents":"","contentType":"yaml","_type":"api_spec"}]}